<?xml version="1.0" encoding="UTF-8"?>
<addon id="repository.custom.build" name="Custom Build Repository" version="1.0.0" provider-name="ashcan57">
    <extension point="xbmc.addon.repository" name="Custom Build Repository">
        <dir>
            <info compressed="false">https://ashcan57.github.io/matrix/addons.xml</info>
            <checksum>https://ashcan57.github.io/matrix/addons.xml.md5</checksum>
            <datadir zip="true">https://ashcan57.github.io/matrix/</datadir>
        </dir>
    </extension>
    <extension point="xbmc.addon.metadata">
        <summary>Custom Build Repository</summary>
        <description>Holds the Ashcan57 Wizard</description>
        <platform>all</platform>
    </extension>
</addon>


