<?xml version="1.0" encoding="UTF-8"?>
<addon id="repository.custom.build"
       name="Custom Build Repository"
       version="1.0.0"
       provider-name="ashcan57">

    <extension point="xbmc.addon.repository" name="Custom Build Repository">

        <dir minversion="21.0.0">
            <info compressed="false">https://ashcan57.github.io/repo/addons.xml</info>
            <checksum>https://ashcan57.github.io/repo/addons.xml.md5</checksum>
            <datadir zip="true">https://ashcan57.github.io/repo/</datadir>
        </dir>

    </extension>

    <extension point="xbmc.addon.metadata">
        <summary>Custom Build Repository</summary>
        <description>Repository for Encore Build Installer</description>
        <platform>all</platform>
    </extension>

</addon>
