<?xml version="1.0" encoding="UTF-8"?>
<addon id="script.custom.build.installer" name="Ashcan57 Wizard" version="2.0.3" provider-name="ashcan57">
    <requires>
        <import addon="xbmc.python" version="3.0.0"/>
    </requires>
    <extension point="xbmc.python.script" library="default.py"/>
    <extension point="xbmc.addon.metadata">
        <summary>Ashcan57 Encore Wizard + Maintenance</summary>
        <description>Full wizard with fresh install and tools</description>
        <platform>all</platform>
        <assets>
            <icon>icon.png</icon>
            <fanart>fanart.jpg</fanart>
        </assets>
    </extension>
</addon>
