<?xml version="1.0" encoding="utf-8"?>

<addon id="repository.custom.build" name="Custom Build Repository" version="1.0.0" provider-name="ashcan57">

    <extension point="xbmc.addon.repository" name="Custom Build Repository">
      <dir>
        <!-- Location of addons.xml (hosted on GitHub Pages) -->
        <info compressed="false">https://ashcan57.github.io/matrix/addons.xml</info>

        <!-- Location of addons.xml.md5 -->
        <checksum>https://ashcan57.github.io/matrix/addons.xml.md5</checksum>

        <!-- The base URL used to download ZIP files (WE POINT THIS TO DROPBOX) -->
        <datadir zip="true">https://www.dropbox.com/scl/fi/glc4wagx7mmdvso88jmiu/encore.zip?dl=1</datadir>
      </dir>
    </extension>

    <extension point="xbmc.addon.metadata">
      <summary>Custom Build Repository</summary>
      <description>Repository for script.custom.build.installer</description>
      <platform>all</platform>
    </extension>

  </addon>
